ID,Modellnavn,Kategori,Underkategori,Kjønn,Brand,Tallstørrelser,Bokstavstørrelser,EU skostørrelser,OneSize,BH størrelser,Farge
1,HELLY HANSEN K LIFA MERINO SETT,Trening,Superundertøy,F,Helly Hansen,X,,,,,
2,KARI TRAA KRØLL LS GENSER,Trening,Superundertøy (Overdel),F,Kari Traa,,X,,,,
3,KARI TRAA KRØLL BUKSE,Trening,Superundertøy (Underdel),F,Kari Traa,,X,,,,
4,BLACK FALKE MW LONG TIGHTS,Trening,Superundertøy (Underdel),F,Falke,,X,,,,
5,RAD ARCTERYX RHO LT ZIP DAME TRØYE,Trening,Superundertøy (Overdel),F,Arcteryx,,X,,,,
6,KARI TRAA ROSE LS ULLTRØYE,Trening,Superundertøy (Overdel),F,Kari Traa,,X,,,,
7,KARI TRAA ROSE ULLBUKSE,Trening,Superundertøy (Underdel),F,Kari Traa,,X,,,,
8,JOHAUG WIN WOOL ULLBUKSE,Trening,Superundertøy (Underdel),F,Johaug,,X,,,,
9,DEVOLD ONA HALF ZIP ULLTRØYE DAME,Trening,Superundertøy (Overdel),F,Devold,,X,,,,
10,DEVOLD ONA ULL BUKSE,Trening,Superundertøy (Underdel),F,Devold,,X,,,,
11,DEVOLD ONA ULL GENSER,Trening,Superundertøy (Overdel),F,Devold,,X,,,,
12,KARI TRAA ÅKLE BUKSE,Trening,Superundertøy (Underdel),F,Kari Traa,,X,,,,
13,KARI TRAA ÅKLE LANGERMET GENSER DAME,Trening,Superundertøy (Overdel),F,Kari Traa,,X,,,,
14,DANIEL FRANCK LUNA DAME ULL/BAMBUSTIGHTS,Trening,Superundertøy (Underdel),F,Daniel Franck,X,,,,,
15,ULVANG RAV LIMITED ULLBUKSE DAME,Trening,Superundertøy (Underdel),F,Ulvang,,X,,,,
16,ACLIMA DE MARIUS ULLBUKSE DAME,Trening,Superundertøy (Underdel),F,Aclima,,X,,,,
17,ACLIMA LARS MONSEN ANARJOHKA LONGS,Trening,Superundertøy (Underdel),F,Aclima,,X,,,,
18,ACLIMA WARMWOOL HOOD DAME ULLTRØYE,Trening,Superundertøy (Overdel),F,Aclima,,X,,,,
19,JOHAUG WIN WOOL CREW LS ULLTRØYE,Trening,Superundertøy (Overdel),F,Johaug,,X,,,,
20,HOKA CLIFTON 5,Trening,Joggesko,F,HOKA ONE ONE,,,X,,,BLACK/WHITE
21,MIZUNA WAVE BOLT 7,Trening,Joggesko,F,MIZUNO,,,X,,,HVIT/SORT/ROSA
22,ALFA KVIST ADVANCE GTX,Trening,Joggesko,F,ALFA,,,X,,,PINK/ORANGE
23,MERRELL MOAB FST GTX,Trening,Joggesko,F,MERRELL,,,X,,,BEET RED
24,NIKE WMNS AIR MAX COMMAND,Trening,Joggesko,F,NIKE,,,X,,,BLACK
25,NIKE WMNS AIR MAX COMMAND,Trening,Joggesko,F,NIKE,,,X,,,WHITE
26,HELLY HANSEN W KESWICK,Trening,Joggesko,F,HELLY HANSEN,,,X,,,BLACK/EBONY/BLUE TINT
27,MERRELL ALL OUT CRUSH 2 GTX,Trening,Joggesko,F,MERRELL,,,X,,,AZALEA/TURQUOISE
28,MERRELL MQM FLEX GTX,Trening,Joggesko,F,MERRELL,,,X,,,FRUIT PUNCH
29,SAUCONY EXCURSION TR11,Trening,Joggesko,F,SAUCONY,,,X,,,GREY/BLACK/PURPLE
30,MAMMUT ULTIMATE PRO LOW GTX,Trening,Joggesko,F,MAMMUT,,,X,,,MERLOT-TAUPE
31,SCARPA BEUTRON GTX,Trening,Joggesko,F,SCARPA,,,X,,,CLEMATIS CORAL RED
32,REEBOK DASH,Trening,Joggesko,F,REEBOK,,,X,,,BLACK/BLAZING PINK/WHITE
33,REEBOK HEXAEFFECT,Trening,Joggesko,F,REEBOK,,,X,,,BLACK/GRVAEL/PINK/SILVER
34,GAITLINE BRONZE CL,Trening,Joggesko,F,GAITLINE,,,X,,,BLACK WHITE PALOMA
35,NIKE AIR ZOOM STRUCTURE 20,Trening,Joggesko,F,NIKE,,,X,,,GRÅ
36,GAITLINE BRONZE CL,Trening,Joggesko,F,GAITLINE,,,X,,,DARK NAVY WHITE
37,NIKE FREE RUN,Trening,Joggesko,F,NIKE,,,X,,,GRÅ
38,NIKE ZOOM SPAN 2,Trening,Joggesko,F,NIKE,,,X,,,GRÅ
39,NIKE ZOOM SPAN 2,Trening,Joggesko,F,NIKE,,,X,,,SORT
40,NIKE FREE,Trening,Joggesko,F,NIKE,,,X,,,GRÅ
41,Craft Storm Tights 2.0 Bukse Dame,Trening,Bukser,F,CRAFT,,x,,,,Sort
42,BERGANS BREHEIMEN NEO DAME BUKSE,Trening,Bukser,F,BERGANS,,x,,,,Sort
43,BJØRN DÆHLIE WINNER 2.0 BUKSE DAME,Trening,Bukser,F,Bjørn Dæhlie,,x,,,,Sort
44,Ulvang Rav Limited Pants Bukse Dame,Trening,Bukser,F,ULVANG,,x,,,,Kastanjebrun
45,Fjellreven Keb Curved Bukse Dame Lagoon,Trening,Bukser,F,Fjällräven,x,,,,,BlågrønnBurgunderSortLavaKastanjebrunMørk BurgunderFN BlåGrønn
46,Finse 2-lags Bukse Dame Antrasitt,Trening,Bukser,F,TWENTYFOUR,x,,,,,Sort
47,SWIX DYNAMIC BUKSE DAME,Trening,Bukser,F,SWIX,,x,,,,Sort
48,BERGANS OKLA DAME BUKSE,Trening,Bukser,F,BERGANS,,x,,,,SortMidnattblå/
49,Mammut Aenergy In Hybrid Bukse Dame,Trening,Bukser,F,MAMMUT,x,,,,,Sort
50,Twentyfour Inca LS Bukse Dame,Trening,Bukser,F,TWENTYFOUR,x,,,,,Sort/BringebærBlågrå
51,Adidas ASK SPR TIG LG Tights Dame Dark Grey Heather,Trening,Bukser,F,ADIDAS,,x,,,,Grå
52,LUNDHAGS MAKKE WS BUKSE,Trening,Bukser,F,LUNDHAGS,x,,,,,GOLD/CHARCOALGARNET/ACAITURQUOISEBRONZE/TEA
53,Sort Aclima LM Anarjohka WW Bukse Dame,Trening,Bukser,F,ACLIMA,,x,,,,Sort
54,Sort Bergans Brekketind Bukse Dame Solid Charcoal,Trening,Bukser,F,BERGANS,,x,,,,Sort
55,BLACK KILMANOCK SABELLA SKI BUKSE DAME,Trening,Bukser,F,KILMANOCK,x,,,,,BLACK
56,BLACK/WHITE/DARK GREY NIKE SPORTSWEAR DAME JOGGEBUKSE,Trening,Bukser,F,NIKE,,X,,,,BLACK/WHITE/DARK GREY
57,BLACK ARCTERYX PARAPET DAME BUKSE,Trening,Bukser,F,ARCTERYX,,x,,,,BLACK
58,BLACK BERGANS CECILIE HIKING BUKSE DAME,Trening,Bukser,F,BERGANS,,x,,,,BLACK
59,ANVIL GREY ARCTERYX GAMMA LT DAME BUKSE,Trening,Bukser,F,ARCTERYX,,x,,,,GREY
60,Nike Gym Vintage Bukse,Trening,Bukser,F,NIKE,,x,,,,GRÅBURGUNDER
61,Adidas By Stella Mccartney,Trening,Topper,F,ADIDAS,,X,,,,Grå
62,Kari Traa Singlet,Trening,Topper,F,KARI TRAA,,X,,,,GrønnRosa
63,Grem Kari Traa Lin Ls Topp,Trening,Topper,F,KARI TRAA,,X,,,,Grå
64,Emilie H/Z Topp,Trening,Topper,F,KARI TRAA,,X,,,,Sort
65,Nike Pro Tank Singlet,Trening,Topper,F,NIKE,,X,,,,LillaOransjeRosa
66,Gym Vintagetank Top,Trening,Topper,F,NIKE,,X,,,,Sort
67,Nike Dry Miler Running Top,Trening,Topper,F,NIKE,,X,,,,Max orange/dark cayenne
68,Nike Pro Hyperwarm H/Z Ls Trøye,Trening,Topper,F,NIKE,,X,,,,Lilla
69,"Grå Superdry, gym sport runner funnel neck grey grit",Trening,Topper,F,SUPERDRY,,X,,,,Grå
70,Tessawear Shape me singlet,Trening,Topper,F,TESSAWEAR,,X,,,,FuschiaHvitKongeblåKorallLilla
71,Lilla Tessawear lycra topp,Trening,Topper,F,TESSAWEAR,,X,,,,LillaSortHvit
72,Mørk grå Tessawear Shape Me Topp,Trening,Topper,F,TESSAWEAR,,X,,,,GråRosaSort
73,RADIANT RACEX SS,Trening,T-skjorter,F,SWIX,,X,,,,GRÅ/NEON RED
74,RADIANT RACEX SS,Trening,T-skjorter,F,SWIX,,X,,,,NEON RED
75,CHILL TEE,Trening,T-skjorter,F,JOHAUG,,X,,,,SAND/DIJON
76,FLØYEN TEE,Trening,T-skjorter,F,BERGANS,,X,,,,BLÅ/FJORD/DARK STEEL BLUE
77,AURORA ARCTERYX ARCWORD SS,Trening,T-skjorter,F,ARCTERYX,,X,,,,BLACK
78,EMILIE TEE,Trening,T-skjorter,F,KARI TRAA,,X,,,,ROSA
79,ARCWORD SS,Trening,T-skjorter,F,ARCTERYX,,X,,,,ORANSJE
80,RIDGE,Trening,T-skjorter,F,FJÄLLRÄVEN,,X,,,,BLUE
81,EMILIE TEE,Trening,T-skjorter,F,KARI TRAA,,X,,,,GRÅ/SORT
82,FOREVER NATURE FOX,Trening,T-skjorter,F,FJÄLLRÄVEN,,X,,,,KONGEBLÅ
83,FOREVER NATURE FOX,Trening,T-skjorter,F,FJÄLLRÄVEN,,X,,,,KASTANJEBRUN
84,BREAKAWAY SS TEE TWO,Trening,T-skjorter,F,CRAFT,,X,,,,SORT
85,ARCWORD SS,Trening,T-skjorter,F,ARCTERYX,,X,,,,LILLA
86,SPORTSWEAR ADVANCE,Trening,T-skjorter,F,NIKE,,X,,,,SORT
87,NK MILER TANK,Trening,T-skjorter,F,NIKE,,X,,,,SORT
88,MATHEA,Trening,T-skjorter,F,KARI TRAA,,X,,,,EBONY
89,MATILDE,Trening,T-skjorter,F,KARI TRAA,,X,,,,ROSE
90,KRISTIN,Trening,T-skjorter,F,KARI TRAA,,X,,,,PINK
91,MATHEA,Trening,T-skjorter,F,KARI TRAA,,X,,,,SWEET
92,ARCWORD SS,Trening,T-skjorter,F,ARCTERYX,,X,,,,KONGEBLÅ
93,CHILL TEE,Trening,T-skjorter,F,JOHAUG,,X,,,,BURGUNDER
94,NORA,Trening,T-skjorter,F,KARI TRAA,,X,,,,ORANSJE
95,LYNGØR,Trening,T-skjorter,F,BERGANS,,X,,,,RØD
96,PRO COOL,Trening,T-skjorter,F,NIKE,,X,,,,RØD
97,LYNGØR,Trening,T-skjorter,F,BERGANS,,X,,,,BLÅ
98,SEAMLESS LONGLINE BH,Trening,Sportsbh,F,Under Armour,,X,,,,Svart
99,NIKE IMPACT SPORTS BH 100 WHITE/PURE,Trening,Sportsbh,F,Nike,,X,,,,Hvit
100,OLIVIA TOP,Trening,Sportsbh,F,We are fit,,X,,,,Blå
101,LNDR BLACKOUT BRA SPORTSBRAS,Trening,Sportsbh,F,LNDR,,X,,,,Blå
102,KARI TRAA NESS SPORTS BH,Trening,Sportsbh,F,Kari Traa,,X,,,,Grå
103,SHOCK ABSORBER ULTIMATE RUN BRA SPORTS BH,Trening,Sportsbh,F,Shock Absorber,,,,,X,Svart
104,TRUD SPORTS-BH,Trening,Sportsbh,F,Kari Traa,,X,,,,Svart
105,FLOWERPOWER TOP,Trening,Sportsbh,F,We are fit,,X,,,,Svart
106,REBELBELLE TOP,Trening,Sportsbh,F,We are fit,,X,,,,Svart
107,PUMA GOLD METALLIC BH,Trening,Sportsbh,F,Puma,,X,,,,
108,TRIACTION WORKOUT N SPORTSBH,Trening,Sportsbh,F,Triumph,,,,,X,HvitSvartBlå
109,IDUNN SPORTS BH,Trening,Sportsbh,F,Kari Traa,,,,,X,Grå
110,STELLA TOP,Trening,Sportsbh,F,We are fit,,X,,,,Lilla
111,TESSAWEAR SHAPE ME SPORTS-BH,Trening,Sportsbh,F,Tessawear,,X,,,,Svart
112,NIKE PRO SPORTSBH,Trening,Sportsbh,F,Nike,,X,,,,Svart
113,TRIACTION HYBRID LITE P SPORTSBH,Trening,Sportsbh,F,Triumph,,,,,,Svart
114,TESSAWEAR SHAPEME SPORTS BH,Trening,Sportsbh,F,Tessawear,,X,,,,Gul
115,LNDR LOTUS SPORTS-BH,Trening,Sportsbh,F,LNDR,,X,,,,Blå
116,LNDR AQUATA SPORTS BRA SPORTS BH,Trening,Sportsbh,F,LNDR,,X,,,,Blå
117,ANGEL TOP,Trening,Sportsbh,F,We are fit,,X,,,,Svart
118,PUMA BRA,Trening,Sportsbh,F,Puma,,X,,,,Svart
119,Brun tony cohen ginny skinnjakke,Trening,Jakke,F,2love Tony Cohen,X,,,,,Brun
120,Svart 2 love tony cohen ginny skinnjakke,Trening,Jakke,F,2love Tony Cohen,X,,,,,Svart
121,Herno blå sommer dunjakke,Trening,Jakke,F,Herno,X,,,,,Blå
122,Taupe amuse lammeskinn kåpe,Trening,Jakke,F,Amuse,X,,,,,Brun
123,Marineblå brandtex vattert jakke,Trening,Jakke,F,Brandtex,X,,,,,Marineblå
124,Dunloe dame regnjakke,Trening,Jakke,F,Helly Hansen,,X,,,,Blå/Hvit
125,Kirkwall regnkåpe,Trening,Jakke,F,Helly Hansen,,X,,,,Gul/Svart
126,Pyllie allværsjakke,Trening,Jakke,F,Ticket Woman,X,,,,,Mørkeblå
127,Sussie allværsjakke,Trening,Jakke,F,Ticket Woman,X,,,,,Svart
128,Zizzie regnfrakk,Trening,Jakke,F,Ticket Woman,X,,,,,Mørkeblå
129,Marine lausanne navy,Trening,Jakke,F,Swims,,X,,,,Blå
130,Lausanne allværsjakke,Trening,Jakke,F,Swims,,X,,,,Mørkeblå
131,Trento regnjakke,Trening,Jakke,F,Swims,,X,,,,Marineblå
132,Trento jakke,Trening,Jakke,F,Swims,,X,,,,Khaki
133,Sort brisa vinterparka,Trening,Jakke,F,Didriksons,X,,,,,Svart
134,Brun brisa vinterparka,Trening,Jakke,F,Didriksons,X,,,,,Brun
135,Didriksons originals mizzie regnkåpe,Trening,Jakke,F,Didriksons,X,,,,,Gul
136,Didriksons originals holga regnparka,Trening,Jakke,F,Didriksons,X,,,,,Lakserød
137,Gull voyelles trenchcoat,Trening,Jakke,F,Voyelles,,,,X,,Gull
138,Lys grå voyelles trenchcoat,Trening,Jakke,F,Voyelles,,X,,,,Grå
139,Kamel voyelles trenchcoat,Trening,Jakke,F,Voyelles,,X,,,,Hvit
140,Natur cream noa trenchcoat,Trening,Jakke,F,Cream,X,,,,,Hvit
141,Cream farhia coatigan,Trening,Jakke,F,Cream,X,,,,,Brun
142,Sand mire jakke,Trening,Jakke,F,Culture,X,,,,,
143,Som på bildet jakke,Trening,Jakke,F,Culture,X,,,,,
144,1996 nuptse jacket ytterplagg,Trening,Jakke,F,The North Face,,X,,,,BronzeSvart
145,Rosé 1996 retro nuptse ytterjakke,Trening,Jakke,F,The North Face,,X,,,,Rosa
146,1996 retro nuptse ytterjakke,Trening,Jakke,F,The North Face,,X,,,,SvartHvit
147,Multi colour multifarget 2nd day printy ytterjakke,Trening,Jakke,F,2ndday,X,,,,,
148,Navy blazer 2nd beha ull jakke,Trening,Jakke,F,2ndday,X,,,,,Mørkeblå
149,Breathe krem 2nd winni trenchjakke,Trening,Jakke,F,2ndday,X,,,,,Grå
150,Blå 2ndday beha fur ulljakke,Trening,Jakke,F,2ndday,X,,,,,Blå
151,Winetasting burgunder 2ndday doubt boblejakke,Trening,Jakke,F,2ndday,X,,,,,Burgunder
152,Sky light blue 2nd dott printed blazer,Trening,Jakke,F,2ndday,X,,,,,
153,Syrah leopard 2nd livia leo kåpe,Trening,Jakke,F,2ndday,X,,,,,
154,Georgia peach rosa 2ndday milla pelsjakke,Trening,Jakke,F,2ndday,X,,,,,Rosa
155,Aqua emporio armani pels kåpe jakke,Trening,Jakke,F,Emporio Armani,X,,,,,Blå/Svart
156,Emporio armani boblekåpe,Trening,Jakke,F,Emporio Armani,X,,,,,Blå/Svart
157,Emporio armani jakke,Trening,Jakke,F,Emporio Armani,X,,,,,HvitSvartBlå
158,Emporio armani kåpe,Trening,Jakke,F,Emporio Armani,X,,,,,Lysegrå
